target_precision,threshold,actual_precision,recall,f1,total_signals,tp,fp
100%,,,,,,,
95%,0.5,0.9953956834532374,0.997692529564465,0.996542783059637,3475.0,3459.0,16.0
90%,0.5,0.9953956834532374,0.997692529564465,0.996542783059637,3475.0,3459.0,16.0
