threshold,precision,recall,f1,tp,fp,tn,fn,total_signals
0.5,0.5103857566765578,0.049610614364003464,0.0904311251314406,172,165,3811,3295,337
0.6,0.18181818181818182,0.0005768676088837611,0.0011500862564692352,2,9,3967,3465,11
0.67,0.0,0.0,0.0,0,0,3976,3467,0
0.7,0.0,0.0,0.0,0,0,3976,3467,0
