threshold,precision,recall,f1,tp,fp,tn,fn,total_signals
0.5,0.9953956834532374,0.997692529564465,0.996542783059637,3459,16,3960,8,3475
0.6,0.9971114962449451,0.9956734929333718,0.9963919757540771,3452,10,3966,15,3462
0.67,0.9979727772951057,0.9939428901067205,0.9959537572254336,3446,7,3969,21,3453
0.7,0.9982618771726536,0.9939428901067205,0.9960977019800549,3446,6,3970,21,3452
